datetime,sessionTime,RMSSD
250717182713.735,0.120,28.616
250717182713.735,1.100,28.616
250717182714.775,2.100,26.853
250717182714.779,2.100,26.906
250717182715.762,3.100,28.911
250717182717.274,4.120,27.135
250717182717.281,5.120,26.375
250717182717.741,5.120,26.533
250717182718.731,6.100,27.214
250717182719.771,7.100,27.431
250717182720.757,8.140,36.640
250717182720.760,8.140,36.243
250717182721.747,9.120,35.764
250717182722.780,10.100,35.764
250717182723.774,10.100,33.737
250717182723.778,10.900,34.286
250717182724.759,11.900,35.800
250717182725.751,12.940,36.914
250717182725.755,13.920,38.560
250717182726.744,13.920,33.647
250717182727.730,14.920,26.429
250717182728.766,15.940,26.023
250717182728.772,16.940,25.099
250717182729.756,16.940,25.807
250717182730.746,17.920,27.142
250717182730.750,18.920,23.301
250717182731.736,18.920,22.076
250717182732.820,19.900,18.754
250717182732.824,20.900,19.726
250717182733.762,21.920,20.762
250717182734.755,21.920,20.424
250717182734.758,22.920,20.805
250717182735.743,23.900,22.949
250717182736.733,23.900,31.738
250717182737.814,24.900,35.376
250717182738.759,25.980,35.443
250717182739.750,25.980,36.883
250717182739.754,26.920,37.364
250717182740.737,27.920,39.482
250717182741.817,27.920,37.478
250717182741.823,28.900,39.342
250717182742.763,29.900,38.625
250717182743.751,30.980,30.325
250717182743.757,31.920,25.305
250717182744.743,32.920,25.236
250717182745.734,32.920,24.649
250717182745.738,33.900,21.001
250717182746.769,34.980,15.482
250717182747.756,34.980,14.333
250717182747.763,35.920,14.058
250717182748.748,36.920,10.737
250717182749.740,36.920,12.748
250717182749.746,37.900,13.295
250717182750.774,38.900,15.202
250717182751.765,38.900,19.195
250717182752.751,39.940,19.152
250717182752.754,40.920,20.093
250717182753.740,40.920,21.031
250717182754.734,41.920,20.505
250717182754.738,42.900,21.457
250717182755.766,42.900,22.898
250717182756.759,43.940,22.863
250717182757.747,44.920,20.810
250717182757.750,45.920,17.889
250717182758.735,45.920,20.536
250717182759.771,46.900,18.004
250717182759.774,47.900,17.827
250717182800.763,47.900,20.474
250717182801.751,48.920,19.211
250717182801.754,49.920,16.033
250717182802.740,50.920,15.901
250717182803.731,50.920,18.446
250717182804.771,51.900,19.007
250717182804.775,52.940,17.308
250717182805.757,52.940,17.491
250717182806.747,53.920,16.604
250717182806.752,54.920,14.301
250717182807.741,54.920,20.156
250717182808.771,55.900,20.156
250717182809.762,56.900,24.228
250717182809.766,57.940,23.730
250717182810.753,57.940,23.532
250717182811.785,58.920,28.202
250717182812.777,59.920,33.392
250717182812.780,59.920,34.981
250717182813.766,60.900,38.856
250717182814.755,61.940,37.492
250717182814.758,62.920,39.454
250717182815.747,62.920,37.311
250717182815.751,63.920,39.165
250717182816.783,64.940,39.360
250717182817.727,65.940,33.974
250717182817.730,65.940,32.063
250717182818.763,66.940,27.816
250717182818.767,67.920,23.941
250717182819.749,67.920,22.093
250717182819.754,68.920,17.835
250717182820.741,68.920,10.381
250717182820.743,69.940,10.943
250717182821.777,70.900,10.635
250717182821.782,70.900,9.927
250717182822.767,71.920,10.263
250717182823.800,71.920,11.044
250717182823.804,72.920,11.347
250717182824.747,72.920,12.586
250717182825.737,73.900,13.379
250717182825.740,73.900,13.722
250717182826.727,74.940,12.725
250717182826.731,74.940,12.361
250717182827.760,75.940,12.408
250717182828.751,76.960,13.595
250717182828.755,76.960,13.473
250717182829.739,77.920,12.633
250717182830.731,78.900,13.938
250717182830.734,78.900,13.326
250717182831.767,79.900,18.284
250717182832.757,79.900,22.303
250717182832.760,80.920,23.507
250717182833.745,81.920,25.257
250717182834.737,81.920,25.770
250717182835.727,82.900,31.908
250717182835.732,83.900,33.557
250717182836.763,83.900,37.091
250717182837.754,84.940,37.496
250717182838.741,85.920,33.672
250717182838.746,85.920,33.615
250717182839.731,86.900,32.364
250717182840.766,87.900,30.959
250717182841.759,88.900,36.032
250717182841.763,88.900,35.308
250717182842.747,89.920,31.075
250717182843.737,90.920,33.110
250717182843.741,91.900,33.410
250717182844.728,91.900,33.505
250717182845.763,92.900,33.372
250717182845.766,93.940,34.995
250717182846.752,94.920,33.404
250717182846.757,94.920,28.386
250717182847.744,95.920,27.087
250717182848.732,96.900,25.113
250717182848.737,96.900,26.228
250717182849.766,97.900,12.848
250717182849.771,98.920,12.502
250717182850.756,98.920,9.563
250717182850.761,99.920,7.095
250717182851.748,99.920,6.236
250717182852.734,100.900,7.150
250717182852.740,101.900,7.184
250717182853.728,101.900,6.536
250717182853.731,102.940,6.859
250717182854.764,102.940,9.684
250717182855.752,103.920,10.210
250717182855.756,103.920,10.258
250717182856.742,104.920,11.053
250717182857.734,105.900,12.495
250717182857.737,105.900,12.578
250717182858.767,106.900,14.382
250717182859.754,106.900,14.823
250717182859.759,107.920,15.348
250717182900.749,108.920,17.442
250717182901.780,108.920,17.197
250717182902.772,109.900,19.767
250717182902.777,110.900,20.402
250717182903.762,110.900,19.929
250717182904.753,111.940,22.099
250717182904.758,112.920,22.167
250717182905.742,112.920,22.174
250717182906.733,113.920,21.789
250717182906.737,114.940,20.300
250717182907.770,115.940,23.133
250717182908.756,115.940,21.266
250717182908.761,116.920,21.129
250717182909.746,117.920,21.722
250717182910.740,117.920,19.663
250717182910.744,118.900,20.685
250717182911.727,119.900,20.882
250717182912.760,119.900,20.382
250717182912.764,120.940,21.462
250717182913.752,121.920,18.131
250717182913.758,121.920,18.975
250717182914.740,122.900,17.572
250717182915.732,123.900,22.276
250717182916.810,123.900,25.687
250717182916.814,124.880,26.200
250717182917.759,125.920,26.918
250717182918.749,125.920,29.560
250717182919.738,126.920,29.104
250717182919.742,126.920,30.175
250717182920.725,127.900,30.952
250717182921.764,128.900,32.555
250717182922.754,129.980,29.471
250717182922.757,129.980,29.380
250717182923.742,130.920,25.380
250717182924.731,131.920,25.761
250717182925.770,132.900,24.765
250717182925.773,132.900,23.642
250717182926.764,133.880,23.658
250717182927.749,134.920,22.948
250717182927.753,135.920,21.984
250717182928.735,135.920,26.260
250717182929.727,136.900,23.252
250717182929.731,137.900,24.403
250717182930.760,138.940,26.121
250717182931.752,138.940,26.411
250717182932.741,139.920,25.064
250717182932.747,140.920,26.387
250717183025.702,140.920,26.387
250717183025.702,141.900,26.387
250717183025.702,142.900,26.387
250717183025.702,142.900,26.387
250717183025.702,143.920,26.387
250717183025.703,144.920,26.387
250717183025.703,145.900,26.387
250717183025.703,145.900,26.387
250717183025.703,146.700,26.387
250717183025.703,146.700,26.387
250717183025.703,146.700,26.387
250717183025.703,146.700,26.387
250717183025.703,146.700,26.387
250717183025.703,146.700,26.387
250717183025.703,146.700,26.387
250717183025.703,146.700,26.387
250717183025.704,146.700,26.387
250717183025.704,146.700,26.387
250717183025.704,146.700,26.387
250717183025.704,146.700,26.387
250717183025.704,146.700,26.387
250717183025.704,146.700,26.387
250717183025.704,146.700,26.387
250717183025.704,146.700,26.387
250717183025.705,146.700,26.387
250717183025.705,146.700,26.387
250717183025.705,146.700,26.387
250717183025.705,146.700,26.387
250717183025.705,146.700,26.387
250717183025.705,146.700,26.387
250717183025.705,146.700,26.387
250717183025.705,146.700,26.387
250717183025.705,146.700,26.387
250717183025.705,146.700,26.387
250717183025.705,146.700,26.387
250717183025.707,146.700,26.387
250717183025.707,146.700,26.387
250717183025.707,146.700,26.387
250717183025.707,146.700,26.387
250717183025.707,146.700,26.387
250717183025.707,146.700,26.387
250717183025.707,146.700,26.387
250717183025.707,146.700,26.387
250717183025.708,146.700,26.387
250717183025.708,146.700,26.387
250717183025.708,146.700,26.387
250717183025.708,146.700,26.387
250717183025.709,146.700,26.387
250717183025.709,146.700,26.387
250717183025.709,146.700,26.387
250717183025.709,146.700,26.387
250717183025.709,146.700,26.387
250717183025.709,146.700,26.387
250717183025.709,146.700,26.387
250717183025.709,146.700,26.387
250717183025.709,146.700,26.387
250717183025.709,146.700,26.387
250717183025.709,146.700,26.387
250717183025.709,146.700,26.387
250717183025.710,146.700,26.387
250717183025.710,146.700,26.387
250717183025.710,146.700,26.387
250717183025.710,146.700,26.387
250717183025.710,146.700,26.387
250717183025.710,146.700,26.387
250717183025.710,146.700,26.387
250717183025.710,146.700,26.387
250717183025.710,146.700,26.387
250717183025.710,146.700,26.387
250717183025.710,146.700,26.387
250717183025.710,146.700,26.387
250717183025.712,146.700,26.387
250717183025.712,146.700,26.387
250717183025.712,146.700,26.387
250717183025.712,146.700,26.387
250717183025.712,146.700,26.387
250717183025.712,146.700,26.387
250717183025.712,146.700,26.387
